<?xml version="1.0" encoding="UTF-8"?>
<project-private xmlns="http://www.netbeans.org/ns/project-private/1">
    <editor-bookmarks xmlns="http://www.netbeans.org/ns/editor-bookmarks/1"/>
    <open-files xmlns="http://www.netbeans.org/ns/projectui-open-files/1">
        <file>file:/F:/projetos/globalcode/AJ2006/AJ5/labs/aj5lab05_02/src/br/com/globalcode/aj/ecommerce/AdicionarProdutoCarrinho.java</file>
        <file>file:/F:/projetos/globalcode/AJ2006/AJ5/labs/aj5lab05_02/src/br/com/globalcode/aj/ecommerce/CatalogoProdutosView.java</file>
        <file>file:/F:/projetos/globalcode/AJ2006/AJ5/labs/aj5lab05_02/web/WEB-INF/web.xml</file>
    </open-files>
</project-private>
